DateTime,Price
2024-09-19 12:36:00,2440.26799734
2024-09-19 12:36:01,2440.21201767
2024-09-19 12:36:02,2440.28747858
2024-09-19 12:36:03,2440.21433186
2024-09-19 12:36:04,2440.25501155
2024-09-19 12:36:05,2440.36618146
2024-09-19 12:36:06,2440.58943997
2024-09-19 12:36:07,2440.65348269
2024-09-19 12:36:08,2440.6825
2024-09-19 12:36:08,2440.6825
2024-09-19 12:36:09,2440.77454419
2024-09-19 12:36:10,2440.78199395
2024-09-19 12:36:11,2440.64250001
2024-09-19 12:36:12,2440.03998828
2024-09-19 12:36:13,2439.955
2024-09-19 12:36:14,2439.98928908
2024-09-19 12:36:15,2439.87663174
2024-09-19 12:36:16,2440.01982365
2024-09-19 12:36:17,2440.02148234
2024-09-19 12:36:18,2439.88564784
2024-09-19 12:36:19,2439.93083252
2024-09-19 12:36:20,2439.88435912
2024-09-19 12:36:21,2439.87951818
2024-09-19 12:36:22,2439.85374996
2024-09-19 12:36:23,2439.84457683
2024-09-19 12:36:24,2439.80201666
2024-09-19 12:36:25,2439.81267852
2024-09-19 12:36:26,2439.85336872
2024-09-19 12:36:27,2439.88353931
2024-09-19 12:36:28,2439.83207141
2024-09-19 12:36:29,2439.85332519
2024-09-19 12:36:30,2439.49202761
2024-09-19 12:36:31,2439.20209663
2024-09-19 12:36:32,2438.80396456
2024-09-19 12:36:33,2438.5191782
2024-09-19 12:36:34,2438.32777709
2024-09-19 12:36:35,2438.26494582
2024-09-19 12:36:36,2438.28453518
2024-09-19 12:36:37,2438.26496071
2024-09-19 12:36:38,2438.26249785
2024-09-19 12:36:39,2438.29380544
2024-09-19 12:36:40,2438.29804031
2024-09-19 12:36:41,2438.25891583
2024-09-19 12:36:42,2438.00310146
2024-09-19 12:36:43,2437.80920795
2024-09-19 12:36:44,2437.1225
2024-09-19 12:36:45,2436.92881382
2024-09-19 12:36:45,2436.92881382
2024-09-19 12:36:46,2436.8151953
2024-09-19 12:36:47,2436.85327413
2024-09-19 12:36:47,2436.85327413
2024-09-19 12:36:48,2436.78955856
2024-09-19 12:36:49,2436.75720717
2024-09-19 12:36:50,2436.795003
2024-09-19 12:36:51,2436.76999837
2024-09-19 12:36:52,2436.95455905
2024-09-19 12:36:53,2437.00196879
2024-09-19 12:36:54,2437.27613038
2024-09-19 12:36:55,2437.31168921
2024-09-19 12:36:55,2437.31168921
2024-09-19 12:36:56,2437.41499999
2024-09-19 12:36:57,2437.65419501
2024-09-19 12:36:58,2437.71954611
2024-09-19 12:36:59,2437.72950466
2024-09-19 12:36:59,2437.72950466
2024-09-19 12:37:00,2437.71952393
2024-09-19 12:35:00,2440.64398418
2024-09-19 12:35:01,2440.62453309
2024-09-19 12:35:02,2440.28501153
2024-09-19 12:35:03,2439.98455265
2024-09-19 12:35:04,2439.80176167
2024-09-19 12:35:05,2439.85
2024-09-19 12:35:06,2439.98499975
2024-09-19 12:35:07,2440.13189077
2024-09-19 12:35:08,2439.98875016
2024-09-19 12:35:09,2439.90012299
2024-09-19 12:35:10,2439.805001
2024-09-19 12:35:11,2439.195
2024-09-19 12:35:12,2438.72500439
2024-09-19 12:35:13,2438.5136519
2024-09-19 12:35:14,2438.320268
2024-09-19 12:35:15,2438.35987676
2024-09-19 12:35:16,2438.56190918
2024-09-19 12:35:17,2438.98674168
2024-09-19 12:35:18,2439.1442362
2024-09-19 12:35:19,2439.39948366
2024-09-19 12:35:20,2439.72130845
2024-09-19 12:35:21,2439.72130845
2024-09-19 12:35:22,2439.8106642
2024-09-19 12:35:23,2439.73197449
2024-09-19 12:35:24,2439.76763292
2024-09-19 12:35:25,2439.76576127
2024-09-19 12:35:26,2439.75445541
2024-09-19 12:35:27,2439.69117848
2024-09-19 12:35:28,2439.6652899
2024-09-19 12:35:29,2439.5993293
2024-09-19 12:35:30,2439.65732087
2024-09-19 12:35:31,2439.75961531
2024-09-19 12:35:32,2439.69617892
2024-09-19 12:35:33,2439.52459032
2024-09-19 12:35:34,2439.50534435
2024-09-19 12:35:35,2439.5592863
2024-09-19 12:35:36,2439.64490905
2024-09-19 12:35:37,2439.99764475
2024-09-19 12:35:38,2439.97498821
2024-09-19 12:35:39,2439.96693061
2024-09-19 12:35:40,2439.87689934
2024-09-19 12:35:41,2439.78363563
2024-09-19 12:35:42,2439.7975005
2024-09-19 12:35:43,2439.8101063
2024-09-19 12:35:44,2439.74863896
2024-09-19 12:35:45,2439.72435158
2024-09-19 12:35:46,2439.78772474
2024-09-19 12:35:47,2439.8025005
2024-09-19 12:35:48,2439.77906296
2024-09-19 12:35:49,2439.75072384
2024-09-19 12:35:50,2439.73570421
2024-09-19 12:35:51,2439.74457072
2024-09-19 12:35:52,2439.805003
2024-09-19 12:35:53,2439.75538837
2024-09-19 12:35:54,2439.83100058
2024-09-19 12:35:55,2439.95174513
2024-09-19 12:35:56,2439.96331432
2024-09-19 12:35:57,2440.13706968
2024-09-19 12:35:58,2440.18570451
2024-09-19 12:35:59,2440.20342128
2024-09-19 12:36:00,2440.26799734
2024-09-19 12:34:00,2439.93937626
2024-09-19 12:34:01,2439.96093905
2024-09-19 12:34:02,2440.56281754
2024-09-19 12:34:03,2440.89059112
2024-09-19 12:34:04,2440.93146504
2024-09-19 12:34:05,2441.25502367
2024-09-19 12:34:06,2441.41250785
2024-09-19 12:34:07,2441.3893083
2024-09-19 12:34:08,2441.40500735
2024-09-19 12:34:09,2441.40919536
2024-09-19 12:34:10,2441.53409054
2024-09-19 12:34:11,2441.54844764
2024-09-19 12:34:12,2441.63585852
2024-09-19 12:34:13,2441.64274832
2024-09-19 12:34:14,2441.67532432
2024-09-19 12:34:15,2441.66574722
2024-09-19 12:34:16,2441.60770507
2024-09-19 12:34:17,2441.58423989
2024-09-19 12:34:18,2441.09310533
2024-09-19 12:34:19,2441.045
2024-09-19 12:34:20,2440.795
2024-09-19 12:34:21,2440.6780121
2024-09-19 12:34:22,2440.51198998
2024-09-19 12:34:23,2440.40811731
2024-09-19 12:34:24,2440.37416637
2024-09-19 12:34:25,2440.15008825
2024-09-19 12:34:26,2440.05042184
2024-09-19 12:34:27,2439.90131707
2024-09-19 12:34:28,2439.89328602
2024-09-19 12:34:29,2439.83296704
2024-09-19 12:34:30,2439.87613629
2024-09-19 12:34:31,2439.9364753
2024-09-19 12:34:32,2440.095
2024-09-19 12:34:33,2440.13870011
2024-09-19 12:34:34,2440.16791496
2024-09-19 12:34:35,2440.29622391
2024-09-19 12:34:36,2440.29120593
2024-09-19 12:34:37,2440.28397121
2024-09-19 12:34:38,2440.23773453
2024-09-19 12:34:39,2440.20925111
2024-09-19 12:34:40,2440.095
2024-09-19 12:34:41,2439.98873747
2024-09-19 12:34:42,2439.92687576
2024-09-19 12:34:43,2439.9911908
2024-09-19 12:34:44,2439.84850789
2024-09-19 12:34:45,2439.83297659
2024-09-19 12:34:46,2439.6
2024-09-19 12:34:47,2439.605
2024-09-19 12:34:48,2439.69113131
2024-09-19 12:34:49,2439.91424263
2024-09-19 12:34:50,2440.26232591
2024-09-19 12:34:51,2440.3204834
2024-09-19 12:34:52,2440.38968845
2024-09-19 12:34:53,2440.39448974
2024-09-19 12:34:54,2440.3889587
2024-09-19 12:34:55,2440.38935889
2024-09-19 12:34:56,2440.37236786
2024-09-19 12:34:57,2440.38285125
2024-09-19 12:34:58,2440.68498814
2024-09-19 12:34:59,2440.64398418
2024-09-19 12:35:00,2440.64398418
2024-09-19 12:33:00,2442.04636938
2024-09-19 12:33:01,2441.88578615
2024-09-19 12:33:02,2441.85155601
2024-09-19 12:33:03,2441.89248334
2024-09-19 12:33:04,2441.89915534
2024-09-19 12:33:05,2441.90358322
2024-09-19 12:33:06,2441.81259151
2024-09-19 12:33:07,2441.75523554
2024-09-19 12:33:08,2441.55332703
2024-09-19 12:33:09,2441.50056911
2024-09-19 12:33:10,2441.15696153
2024-09-19 12:33:11,2440.75193294
2024-09-19 12:33:12,2440.65558921
2024-09-19 12:33:13,2440.65513952
2024-09-19 12:33:14,2440.675
2024-09-19 12:33:15,2440.69
2024-09-19 12:33:16,2440.94785955
2024-09-19 12:33:17,2441.1900485
2024-09-19 12:33:18,2441.152902
2024-09-19 12:33:19,2441.39237864
2024-09-19 12:33:20,2441.25036138
2024-09-19 12:33:21,2441.38855877
2024-09-19 12:33:22,2441.36825083
2024-09-19 12:33:23,2441.36825083
2024-09-19 12:33:24,2441.43554788
2024-09-19 12:33:25,2441.4099402
2024-09-19 12:33:26,2441.39665751
2024-09-19 12:33:27,2441.3698148
2024-09-19 12:33:28,2441.32811973
2024-09-19 12:33:29,2441.15946245
2024-09-19 12:33:30,2441.22324816
2024-09-19 12:33:31,2441.21368361
2024-09-19 12:33:32,2441.25093376
2024-09-19 12:33:33,2441.20073877
2024-09-19 12:33:34,2441.27976525
2024-09-19 12:33:35,2441.25022486
2024-09-19 12:33:36,2441.26482196
2024-09-19 12:33:37,2441.27554666
2024-09-19 12:33:38,2441.39253397
2024-09-19 12:33:39,2441.68422643
2024-09-19 12:33:40,2441.70504071
2024-09-19 12:33:41,2441.62280765
2024-09-19 12:33:42,2441.065
2024-09-19 12:33:43,2441.0207457
2024-09-19 12:33:44,2440.68250002
2024-09-19 12:33:45,2440.68250002
2024-09-19 12:33:46,2440.40999916
2024-09-19 12:33:47,2440.0050005
2024-09-19 12:33:48,2439.95211427
2024-09-19 12:33:49,2439.9174283
2024-09-19 12:33:50,2439.9
2024-09-19 12:33:51,2439.9
2024-09-19 12:33:52,2439.90083563
2024-09-19 12:33:53,2439.93987868
2024-09-19 12:33:54,2439.89864347
2024-09-19 12:33:55,2439.93937576
2024-09-19 12:33:56,2439.92675523
2024-09-19 12:33:57,2439.8618184
2024-09-19 12:33:58,2439.86880868
2024-09-19 12:33:59,2439.87749484
2024-09-19 12:34:00,2439.93937626
2024-09-19 12:32:00,2439.61008412
2024-09-19 12:32:01,2439.57642737
2024-09-19 12:32:02,2439.62677417
2024-09-19 12:32:03,2439.67487298
2024-09-19 12:32:04,2439.75801964
2024-09-19 12:32:05,2439.95101615
2024-09-19 12:32:06,2440.0197035
2024-09-19 12:32:07,2440.03263902
2024-09-19 12:32:08,2440.19481271
2024-09-19 12:32:09,2440.20759256
2024-09-19 12:32:10,2440.23974666
2024-09-19 12:32:11,2440.09015261
2024-09-19 12:32:12,2440.17489971
2024-09-19 12:32:13,2440.20965489
2024-09-19 12:32:14,2440.20965489
2024-09-19 12:32:15,2440.21106356
2024-09-19 12:32:16,2440.31994244
2024-09-19 12:32:17,2440.40067239
2024-09-19 12:32:18,2440.68615337
2024-09-19 12:32:19,2440.86416862
2024-09-19 12:32:20,2440.42742927
2024-09-19 12:32:21,2440.2810177
2024-09-19 12:32:22,2440.2975025
2024-09-19 12:32:23,2440.02147276
2024-09-19 12:32:24,2440.035
2024-09-19 12:32:25,2440.025
2024-09-19 12:32:26,2440.09499995
2024-09-19 12:32:27,2440.00350625
2024-09-19 12:32:28,2440.01096357
2024-09-19 12:32:29,2440.09736478
2024-09-19 12:32:30,2440.00323818
2024-09-19 12:32:31,2440.01107158
2024-09-19 12:32:32,2440.06849395
2024-09-19 12:32:33,2440.21499999
2024-09-19 12:32:34,2440.3330025
2024-09-19 12:32:35,2440.43472034
2024-09-19 12:32:36,2440.655805
2024-09-19 12:32:37,2441.29643138
2024-09-19 12:32:38,2441.83263981
2024-09-19 12:32:39,2441.97179444
2024-09-19 12:32:40,2441.80897254
2024-09-19 12:32:41,2441.71795031
2024-09-19 12:32:42,2441.70623358
2024-09-19 12:32:43,2441.84787344
2024-09-19 12:32:44,2441.85052253
2024-09-19 12:32:45,2441.96694417
2024-09-19 12:32:46,2441.92877552
2024-09-19 12:32:47,2441.86979566
2024-09-19 12:32:48,2441.74878986
2024-09-19 12:32:49,2441.68597359
2024-09-19 12:32:50,2441.47499999
2024-09-19 12:32:51,2441.47499999
2024-09-19 12:32:52,2441.6344676
2024-09-19 12:32:53,2441.96745303
2024-09-19 12:32:54,2442.00576697
2024-09-19 12:32:55,2441.98075649
2024-09-19 12:32:56,2442.02339668
2024-09-19 12:32:57,2442.00300468
2024-09-19 12:32:58,2442.09634631
2024-09-19 12:32:59,2442.1170403
2024-09-19 12:33:00,2442.04636938
2024-09-19 12:31:00,2435.47489102
2024-09-19 12:31:01,2436.03919208
2024-09-19 12:31:02,2435.871194
2024-09-19 12:31:03,2435.81464636
2024-09-19 12:31:04,2436.33453309
2024-09-19 12:31:05,2436.49501148
2024-09-19 12:31:06,2436.39821555
2024-09-19 12:31:07,2436.99970535
2024-09-19 12:31:08,2437.18135573
2024-09-19 12:31:09,2437.14664514
2024-09-19 12:31:10,2437.799
2024-09-19 12:31:11,2437.99500099
2024-09-19 12:31:12,2438.1797099
2024-09-19 12:31:13,2438.20692292
2024-09-19 12:31:14,2438.44591569
2024-09-19 12:31:15,2439.05011223
2024-09-19 12:31:16,2439.39744045
2024-09-19 12:31:17,2439.54892038
2024-09-19 12:31:18,2439.48589147
2024-09-19 12:31:19,2439.51343677
2024-09-19 12:31:20,2439.33533761
2024-09-19 12:31:21,2439.41384429
2024-09-19 12:31:22,2439.62956366
2024-09-19 12:31:23,2439.8247762
2024-09-19 12:31:24,2439.831841
2024-09-19 12:31:25,2439.54076266
2024-09-19 12:31:26,2439.46963008
2024-09-19 12:31:27,2439.43249007
2024-09-19 12:31:28,2439.445
2024-09-19 12:31:29,2439.45000981
2024-09-19 12:31:30,2439.35179594
2024-09-19 12:31:31,2439.38854512
2024-09-19 12:31:32,2439.38780638
2024-09-19 12:31:33,2439.50070331
2024-09-19 12:31:34,2439.73411952
2024-09-19 12:31:35,2439.75759949
2024-09-19 12:31:36,2439.85163987
2024-09-19 12:31:37,2439.87315812
2024-09-19 12:31:38,2439.79777721
2024-09-19 12:31:39,2439.79148464
2024-09-19 12:31:40,2439.6654
2024-09-19 12:31:41,2439.68175737
2024-09-19 12:31:42,2439.62435339
2024-09-19 12:31:43,2439.61893858
2024-09-19 12:31:44,2439.59768266
2024-09-19 12:31:45,2439.42180116
2024-09-19 12:31:46,2439.44030154
2024-09-19 12:31:47,2439.43183349
2024-09-19 12:31:48,2439.51248502
2024-09-19 12:31:49,2439.51133776
2024-09-19 12:31:50,2439.68855888
2024-09-19 12:31:51,2439.70497635
2024-09-19 12:31:52,2439.73213283
2024-09-19 12:31:53,2439.65409138
2024-09-19 12:31:54,2439.76594455
2024-09-19 12:31:55,2439.75598185
2024-09-19 12:31:56,2439.80709124
2024-09-19 12:31:57,2439.77204744
2024-09-19 12:31:58,2439.66417908
2024-09-19 12:31:59,2439.65670193
2024-09-19 12:32:00,2439.61008412
2024-09-19 12:30:00,2436.60878332
2024-09-19 12:30:01,2437.04594762
2024-09-19 12:30:02,2437.09884971
2024-09-19 12:30:03,2437.17624059
2024-09-19 12:30:04,2437.75122036
2024-09-19 12:30:05,2437.94862826
2024-09-19 12:30:06,2438.00061831
2024-09-19 12:30:07,2438.0189959
2024-09-19 12:30:08,2438.02161238
2024-09-19 12:30:09,2437.87499998
2024-09-19 12:30:10,2437.62126676
2024-09-19 12:30:11,2437.36277828
2024-09-19 12:30:12,2437.15247264
2024-09-19 12:30:13,2437.21389872
2024-09-19 12:30:14,2437.20157493
2024-09-19 12:30:15,2437.13536472
2024-09-19 12:30:16,2437.07082295
2024-09-19 12:30:17,2436.82323346
2024-09-19 12:30:18,2436.43965341
2024-09-19 12:30:19,2436.24781596
2024-09-19 12:30:20,2436.28837239
2024-09-19 12:30:21,2436.26161202
2024-09-19 12:30:22,2436.28202414
2024-09-19 12:30:23,2436.25526728
2024-09-19 12:30:24,2435.93774255
2024-09-19 12:30:25,2435.60656485
2024-09-19 12:30:26,2435.565
2024-09-19 12:30:27,2435.7575025
2024-09-19 12:30:28,2435.63995884
2024-09-19 12:30:29,2435.55948037
2024-09-19 12:30:30,2435.47496979
2024-09-19 12:30:31,2435.46
2024-09-19 12:30:32,2435.47858866
2024-09-19 12:30:33,2435.42646051
2024-09-19 12:30:34,2435.42519825
2024-09-19 12:30:35,2435.43762913
2024-09-19 12:30:36,2435.45935435
2024-09-19 12:30:37,2435.45003029
2024-09-19 12:30:38,2435.41905561
2024-09-19 12:30:39,2435.41501436
2024-09-19 12:30:40,2435.00991191
2024-09-19 12:30:41,2434.87107669
2024-09-19 12:30:42,2434.88726651
2024-09-19 12:30:43,2434.8631
2024-09-19 12:30:44,2434.83356618
2024-09-19 12:30:45,2434.80667022
2024-09-19 12:30:46,2434.69303206
2024-09-19 12:30:47,2434.69295956
2024-09-19 12:30:48,2434.70125435
2024-09-19 12:30:49,2434.68542417
2024-09-19 12:30:50,2434.69441735
2024-09-19 12:30:51,2434.67027909
2024-09-19 12:30:52,2434.67636642
2024-09-19 12:30:53,2434.37217721
2024-09-19 12:30:54,2434.34395982
2024-09-19 12:30:55,2434.33290387
2024-09-19 12:30:56,2434.29449626
2024-09-19 12:30:57,2434.411438
2024-09-19 12:30:58,2435.38992501
2024-09-19 12:30:59,2435.42977446
2024-09-19 12:31:00,2435.47489102
2024-09-19 12:29:00,2436.80978275
2024-09-19 12:29:01,2436.86945658
2024-09-19 12:29:02,2436.95796399
2024-09-19 12:29:03,2437.05452756
2024-09-19 12:29:04,2437.17418979
2024-09-19 12:29:05,2437.2454756
2024-09-19 12:29:06,2437.37743523
2024-09-19 12:29:07,2437.49434026
2024-09-19 12:29:08,2437.565
2024-09-19 12:29:09,2437.4051509
2024-09-19 12:29:10,2437.38139632
2024-09-19 12:29:11,2437.29008565
2024-09-19 12:29:12,2437.28003716
2024-09-19 12:29:13,2437.2999174
2024-09-19 12:29:14,2437.28141846
2024-09-19 12:29:15,2437.24997325
2024-09-19 12:29:16,2437.2559601
2024-09-19 12:29:17,2437.24930174
2024-09-19 12:29:18,2437.22738144
2024-09-19 12:29:19,2437.18391448
2024-09-19 12:29:20,2437.24933278
2024-09-19 12:29:21,2437.23935104
2024-09-19 12:29:22,2437.23773073
2024-09-19 12:29:23,2437.12922042
2024-09-19 12:29:25,2437.26906708
2024-09-19 12:29:26,2437.23277042
2024-09-19 12:29:27,2437.2291787
2024-09-19 12:29:28,2437.14712741
2024-09-19 12:29:29,2437.19039582
2024-09-19 12:29:30,2437.16134448
2024-09-19 12:29:31,2437.16156458
2024-09-19 12:29:32,2437.19562465
2024-09-19 12:29:33,2437.16794934
2024-09-19 12:29:34,2437.15172251
2024-09-19 12:29:35,2437.15805123
2024-09-19 12:29:36,2437.15798684
2024-09-19 12:29:37,2437.16102485
2024-09-19 12:29:38,2437.19749674
2024-09-19 12:29:39,2437.19001732
2024-09-19 12:29:40,2437.1776318
2024-09-19 12:29:41,2437.15018323
2024-09-19 12:29:42,2437.18607217
2024-09-19 12:29:43,2437.17328656
2024-09-19 12:29:44,2437.15287383
2024-09-19 12:29:45,2437.15975229
2024-09-19 12:29:46,2437.47943162
2024-09-19 12:29:47,2437.45090962
2024-09-19 12:29:48,2437.35384733
2024-09-19 12:29:49,2437.24762682
2024-09-19 12:29:50,2437.14927464
2024-09-19 12:29:51,2436.51663132
2024-09-19 12:29:52,2436.37526808
2024-09-19 12:29:53,2436.3984163
2024-09-19 12:29:54,2436.60810495
2024-09-19 12:29:55,2436.62066171
2024-09-19 12:29:56,2436.63874188
2024-09-19 12:29:57,2436.69464154
2024-09-19 12:29:58,2436.66807601
2024-09-19 12:29:59,2436.62474039
2024-09-19 12:30:00,2436.60878332
2024-09-19 12:28:00,2437.901106
2024-09-19 12:28:01,2437.89249551
2024-09-19 12:28:02,2437.92113099
2024-09-19 12:28:03,2437.88476681
2024-09-19 12:28:04,2437.79555448
2024-09-19 12:28:05,2437.73158514
2024-09-19 12:28:06,2437.74563401
2024-09-19 12:28:07,2437.73029289
2024-09-19 12:28:08,2437.70684731
2024-09-19 12:28:09,2437.744703
2024-09-19 12:28:10,2437.68927159
2024-09-19 12:28:11,2437.87818373
2024-09-19 12:28:12,2438.31681805
2024-09-19 12:28:13,2438.46818862
2024-09-19 12:28:14,2438.60286534
2024-09-19 12:28:15,2438.50520967
2024-09-19 12:28:16,2438.42348495
2024-09-19 12:28:17,2438.43660265
2024-09-19 12:28:18,2438.45053465
2024-09-19 12:28:19,2438.58028507
2024-09-19 12:28:20,2438.58592525
2024-09-19 12:28:21,2438.62022427
2024-09-19 12:28:22,2438.4409354
2024-09-19 12:28:23,2438.29739423
2024-09-19 12:28:24,2438.07097065
2024-09-19 12:28:25,2437.83749991
2024-09-19 12:28:26,2437.78495662
2024-09-19 12:28:27,2437.68383686
2024-09-19 12:28:28,2437.73490077
2024-09-19 12:28:29,2437.7299674
2024-09-19 12:28:30,2437.71776367
2024-09-19 12:28:31,2437.67981826
2024-09-19 12:28:32,2437.46517001
2024-09-19 12:28:33,2437.25202801
2024-09-19 12:28:34,2436.95
2024-09-19 12:28:35,2436.55509309
2024-09-19 12:28:36,2436.49487996
2024-09-19 12:28:37,2436.46942325
2024-09-19 12:28:38,2436.47054021
2024-09-19 12:28:39,2436.5114313
2024-09-19 12:28:40,2436.49014304
2024-09-19 12:28:41,2436.75
2024-09-19 12:28:42,2437.28570658
2024-09-19 12:28:43,2437.51430122
2024-09-19 12:28:44,2437.73380169
2024-09-19 12:28:45,2437.58503113
2024-09-19 12:28:46,2437.56781304
2024-09-19 12:28:47,2437.40747365
2024-09-19 12:28:48,2437.33639532
2024-09-19 12:28:49,2437.31515636
2024-09-19 12:28:50,2437.15041824
2024-09-19 12:28:51,2437.14096938
2024-09-19 12:28:52,2436.91317948
2024-09-19 12:28:53,2436.91317948
2024-09-19 12:28:54,2437.0025005
2024-09-19 12:28:55,2436.9975005
2024-09-19 12:28:56,2437.01934761
2024-09-19 12:28:57,2436.97821663
2024-09-19 12:28:58,2436.91427986
2024-09-19 12:28:59,2436.795
2024-09-19 12:29:00,2436.80978275
2024-09-19 12:27:00,2437.51799059
2024-09-19 12:27:01,2437.26992826
2024-09-19 12:27:02,2437.26081813
2024-09-19 12:27:03,2437.26385812
2024-09-19 12:27:04,2437.18254949
2024-09-19 12:27:05,2437.12741291
2024-09-19 12:27:06,2437.07070515
2024-09-19 12:27:07,2437.07070515
2024-09-19 12:27:08,2436.9680458
2024-09-19 12:27:09,2436.77919896
2024-09-19 12:27:10,2436.6748549
2024-09-19 12:27:11,2436.60955424
2024-09-19 12:27:12,2436.48474343
2024-09-19 12:27:13,2436.4843897
2024-09-19 12:27:14,2436.295
2024-09-19 12:27:15,2436.28161274
2024-09-19 12:27:16,2436.27661274
2024-09-19 12:27:17,2436.22931714
2024-09-19 12:27:18,2436.16202941
2024-09-19 12:27:19,2436.30219237
2024-09-19 12:27:20,2436.26076196
2024-09-19 12:27:21,2436.26075118
2024-09-19 12:27:22,2436.28225132
2024-09-19 12:27:23,2436.18908883
2024-09-19 12:27:24,2436.19528791
2024-09-19 12:27:25,2436.23120554
2024-09-19 12:27:26,2436.20876665
2024-09-19 12:27:27,2436.26075875
2024-09-19 12:27:28,2436.25560827
2024-09-19 12:27:29,2436.25560827
2024-09-19 12:27:30,2436.23020162
2024-09-19 12:27:31,2436.39273173
2024-09-19 12:27:32,2436.44439232
2024-09-19 12:27:33,2436.74993455
2024-09-19 12:27:34,2437.02471568
2024-09-19 12:27:35,2437.05410569
2024-09-19 12:27:36,2437.19230826
2024-09-19 12:27:37,2437.2705
2024-09-19 12:27:38,2437.51192981
2024-09-19 12:27:39,2437.49065059
2024-09-19 12:27:40,2437.528601
2024-09-19 12:27:41,2437.40149792
2024-09-19 12:27:42,2437.53951401
2024-09-19 12:27:43,2437.65660449
2024-09-19 12:27:44,2437.98553053
2024-09-19 12:27:44,2437.98553053
2024-09-19 12:27:45,2438.00753919
2024-09-19 12:27:46,2438.12480859
2024-09-19 12:27:47,2438.08374218
2024-09-19 12:27:48,2438.27259417
2024-09-19 12:27:49,2438.30067182
2024-09-19 12:27:50,2438.30067182
2024-09-19 12:27:51,2438.28866675
2024-09-19 12:27:52,2438.0317377
2024-09-19 12:27:53,2437.99778267
2024-09-19 12:27:54,2437.88913042
2024-09-19 12:27:55,2438.14595933
2024-09-19 12:27:56,2438.2348634
2024-09-19 12:27:57,2438.14352062
2024-09-19 12:27:58,2438.095
2024-09-19 12:27:59,2437.85551988
2024-09-19 12:28:00,2437.901106
2024-09-19 12:26:00,2436.72888913
2024-09-19 12:26:01,2436.61448663
2024-09-19 12:26:02,2436.56615827
2024-09-19 12:26:03,2436.55163275
2024-09-19 12:26:04,2436.8112255
2024-09-19 12:26:05,2436.97714091
2024-09-19 12:26:06,2437.11110324
2024-09-19 12:26:07,2437.23047569
2024-09-19 12:26:08,2438.00378311
2024-09-19 12:26:09,2437.94202238
2024-09-19 12:26:10,2437.99999993
2024-09-19 12:26:11,2438.1083306
2024-09-19 12:26:12,2438.23756777
2024-09-19 12:26:13,2438.25412424
2024-09-19 12:26:14,2438.28054817
2024-09-19 12:26:15,2438.21552447
2024-09-19 12:26:16,2438.18925137
2024-09-19 12:26:17,2438.10895951
2024-09-19 12:26:18,2438.09639543
2024-09-19 12:26:19,2438.01498441
2024-09-19 12:26:20,2438.04106871
2024-09-19 12:26:21,2437.98951625
2024-09-19 12:26:22,2437.88069445
2024-09-19 12:26:23,2437.92670727
2024-09-19 12:26:24,2437.99436261
2024-09-19 12:26:25,2437.88500964
2024-09-19 12:26:26,2437.59753982
2024-09-19 12:26:27,2437.61777974
2024-09-19 12:26:28,2437.57670708
2024-09-19 12:26:29,2437.40750073
2024-09-19 12:26:30,2437.27523955
2024-09-19 12:26:31,2437.09235833
2024-09-19 12:26:32,2437.11166158
2024-09-19 12:26:33,2437.0962136
2024-09-19 12:26:34,2436.99637513
2024-09-19 12:26:35,2437.02489084
2024-09-19 12:26:36,2437.03481765
2024-09-19 12:26:37,2437.02385158
2024-09-19 12:26:38,2437.02843584
2024-09-19 12:26:39,2437.07465371
2024-09-19 12:26:40,2437.06299731
2024-09-19 12:26:41,2437.06629599
2024-09-19 12:26:42,2437.07950488
2024-09-19 12:26:43,2437.03480384
2024-09-19 12:26:44,2437.23156115
2024-09-19 12:26:45,2437.49499989
2024-09-19 12:26:46,2437.53348593
2024-09-19 12:26:47,2437.51569843
2024-09-19 12:26:48,2437.56249999
2024-09-19 12:26:49,2437.55743685
2024-09-19 12:26:50,2437.54041408
2024-09-19 12:26:51,2437.56559787
2024-09-19 12:26:52,2437.56908243
2024-09-19 12:26:53,2437.54425698
2024-09-19 12:26:54,2437.56025723
2024-09-19 12:26:55,2437.59500055
2024-09-19 12:26:56,2437.5655022
2024-09-19 12:26:57,2437.55039491
2024-09-19 12:26:58,2437.52417646
2024-09-19 12:26:59,2437.53485534
2024-09-19 12:27:00,2437.51799059
2024-09-19 12:25:00,2439.76781019
2024-09-19 12:25:01,2439.68508257
2024-09-19 12:25:02,2439.49839178
2024-09-19 12:25:03,2439.44424854
2024-09-19 12:25:04,2439.3857238
2024-09-19 12:25:05,2439.30908071
2024-09-19 12:25:06,2439.21674862
2024-09-19 12:25:07,2439.15
2024-09-19 12:25:08,2439.0045
2024-09-19 12:25:09,2438.46421892
2024-09-19 12:25:10,2437.96474678
2024-09-19 12:25:11,2437.59881649
2024-09-19 12:25:12,2437.405
2024-09-19 12:25:13,2436.9991527
2024-09-19 12:25:14,2436.8240502
2024-09-19 12:25:15,2436.77266835
2024-09-19 12:25:16,2436.79195743
2024-09-19 12:25:17,2436.77845088
2024-09-19 12:25:18,2436.915
2024-09-19 12:25:19,2437.17676489
2024-09-19 12:25:20,2437.15975317
2024-09-19 12:25:21,2437.04077158
2024-09-19 12:25:22,2436.69585232
2024-09-19 12:25:23,2436.69644438
2024-09-19 12:25:24,2436.60005042
2024-09-19 12:25:25,2436.68857322
2024-09-19 12:25:26,2436.36104025
2024-09-19 12:25:27,2436.30404235
2024-09-19 12:25:28,2436.27291345
2024-09-19 12:25:29,2435.76657771
2024-09-19 12:25:30,2435.73898119
2024-09-19 12:25:31,2435.76657771
2024-09-19 12:25:32,2435.89416147
2024-09-19 12:25:33,2435.7558283
2024-09-19 12:25:34,2435.51658077
2024-09-19 12:25:35,2435.4975
2024-09-19 12:25:36,2435.40086403
2024-09-19 12:25:37,2435.26659785
2024-09-19 12:25:38,2435.20399124
2024-09-19 12:25:39,2435.22082542
2024-09-19 12:25:40,2435.25956919
2024-09-19 12:25:41,2435.36103974
2024-09-19 12:25:42,2435.64442397
2024-09-19 12:25:43,2435.68686694
2024-09-19 12:25:44,2435.79
2024-09-19 12:25:45,2435.8135551
2024-09-19 12:25:46,2435.69806032
2024-09-19 12:25:47,2435.81316756
2024-09-19 12:25:48,2435.82667315
2024-09-19 12:25:49,2436.24021481
2024-09-19 12:25:50,2436.53980589
2024-09-19 12:25:51,2436.64639308
2024-09-19 12:25:52,2436.81811076
2024-09-19 12:25:53,2436.75131923
2024-09-19 12:25:54,2436.74290421
2024-09-19 12:25:55,2436.8360116
2024-09-19 12:25:56,2436.86309911
2024-09-19 12:25:57,2436.8631152
2024-09-19 12:25:58,2436.91981786
2024-09-19 12:25:59,2436.86413357
2024-09-19 12:26:00,2436.72888913
2024-09-19 12:24:00,2438.05923125
2024-09-19 12:24:01,2438.07614695
2024-09-19 12:24:02,2438.34262369
2024-09-19 12:24:03,2438.295
2024-09-19 12:24:04,2438.34849681
2024-09-19 12:24:05,2438.29255988
2024-09-19 12:24:06,2438.3442243
2024-09-19 12:24:07,2438.29771661
2024-09-19 12:24:08,2438.23076652
2024-09-19 12:24:09,2438.13151321
2024-09-19 12:24:10,2438.37475184
2024-09-19 12:24:11,2438.48882585
2024-09-19 12:24:12,2438.48843562
2024-09-19 12:24:13,2438.40701867
2024-09-19 12:24:14,2438.44643054
2024-09-19 12:24:15,2438.49529446
2024-09-19 12:24:16,2438.42980319
2024-09-19 12:24:17,2438.45163368
2024-09-19 12:24:18,2438.40380003
2024-09-19 12:24:19,2438.41925146
2024-09-19 12:24:20,2438.34500001
2024-09-19 12:24:21,2438.32662501
2024-09-19 12:24:22,2438.26180489
2024-09-19 12:24:23,2438.20387326
2024-09-19 12:24:24,2438.22172624
2024-09-19 12:24:25,2438.23639508
2024-09-19 12:24:26,2438.25892353
2024-09-19 12:24:27,2438.29006534
2024-09-19 12:24:28,2438.62163809
2024-09-19 12:24:29,2438.60711485
2024-09-19 12:24:30,2438.72281533
2024-09-19 12:24:31,2438.65348945
2024-09-19 12:24:32,2438.72405363
2024-09-19 12:24:33,2438.76868274
2024-09-19 12:24:34,2438.62947688
2024-09-19 12:24:35,2438.61995729
2024-09-19 12:24:36,2438.66499999
2024-09-19 12:24:37,2438.75277645
2024-09-19 12:24:38,2438.71141683
2024-09-19 12:24:39,2438.73563721
2024-09-19 12:24:40,2438.79903662
2024-09-19 12:24:41,2438.79260903
2024-09-19 12:24:42,2438.71963696
2024-09-19 12:24:43,2438.74499999
2024-09-19 12:24:44,2438.70215742
2024-09-19 12:24:45,2438.70715742
2024-09-19 12:24:46,2438.67292245
2024-09-19 12:24:47,2438.61282683
2024-09-19 12:24:48,2438.64495886
2024-09-19 12:24:49,2438.96535369
2024-09-19 12:24:50,2439.06029657
2024-09-19 12:24:51,2439.04440011
2024-09-19 12:24:52,2439.02966056
2024-09-19 12:24:53,2439.0229758
2024-09-19 12:24:54,2439.12349747
2024-09-19 12:24:55,2439.52557748
2024-09-19 12:24:56,2439.58240419
2024-09-19 12:24:57,2439.71583658
2024-09-19 12:24:58,2439.74470602
2024-09-19 12:24:59,2439.77397115
2024-09-19 12:25:00,2439.76781019
2024-09-19 12:23:00,2437.82706973
2024-09-19 12:23:01,2438.21397032
2024-09-19 12:23:02,2438.27575173
2024-09-19 12:23:03,2438.26632882
2024-09-19 12:23:04,2438.34207561
2024-09-19 12:23:05,2438.64583586
2024-09-19 12:23:06,2438.69368394
2024-09-19 12:23:07,2438.94675931
2024-09-19 12:23:08,2439.32500287
2024-09-19 12:23:09,2439.39624542
2024-09-19 12:23:10,2439.40060963
2024-09-19 12:23:11,2439.39777536
2024-09-19 12:23:12,2439.29886973
2024-09-19 12:23:13,2439.30553611
2024-09-19 12:23:14,2439.6575005
2024-09-19 12:23:15,2439.78259707
2024-09-19 12:23:16,2439.82588258
2024-09-19 12:23:17,2439.71542512
2024-09-19 12:23:18,2439.65821489
2024-09-19 12:23:19,2439.66354999
2024-09-19 12:23:20,2439.74376862
2024-09-19 12:23:21,2439.81
2024-09-19 12:23:22,2439.58397419
2024-09-19 12:23:23,2439.4742586
2024-09-19 12:23:24,2439.12711085
2024-09-19 12:23:25,2439.16851198
2024-09-19 12:23:26,2439.10392397
2024-09-19 12:23:27,2438.62475932
2024-09-19 12:23:28,2438.60424999
2024-09-19 12:23:29,2438.62426793
2024-09-19 12:23:30,2438.68780271
2024-09-19 12:23:31,2438.69081116
2024-09-19 12:23:32,2438.51165539
2024-09-19 12:23:33,2438.45536225
2024-09-19 12:23:34,2438.46802375
2024-09-19 12:23:35,2438.2075165
2024-09-19 12:23:36,2438.2225
2024-09-19 12:23:37,2438.15176921
2024-09-19 12:23:38,2438.66864132
2024-09-19 12:23:39,2439.19500299
2024-09-19 12:23:40,2439.19329314
2024-09-19 12:23:41,2439.17912444
2024-09-19 12:23:42,2439.16721747
2024-09-19 12:23:43,2439.16847864
2024-09-19 12:23:44,2439.22182502
2024-09-19 12:23:45,2439.2484335
2024-09-19 12:23:46,2439.13383877
2024-09-19 12:23:47,2439.14896634
2024-09-19 12:23:48,2439.1819151
2024-09-19 12:23:49,2439.19810186
2024-09-19 12:23:50,2439.25506899
2024-09-19 12:23:51,2439.28117063
2024-09-19 12:23:52,2439.42100558
2024-09-19 12:23:53,2439.51930636
2024-09-19 12:23:54,2439.4274055
2024-09-19 12:23:55,2439.41916173
2024-09-19 12:23:56,2439.30306728
2024-09-19 12:23:57,2439.20600501
2024-09-19 12:23:58,2438.55077162
2024-09-19 12:23:59,2438.23972086
2024-09-19 12:24:00,2438.05923125
2024-09-19 12:22:00,2437.355
2024-09-19 12:22:01,2437.26032603
2024-09-19 12:22:02,2437.10748358
2024-09-19 12:22:03,2437.01576726
2024-09-19 12:22:04,2436.96133513
2024-09-19 12:22:05,2436.82248707
2024-09-19 12:22:06,2436.79007373
2024-09-19 12:22:07,2436.84339024
2024-09-19 12:22:08,2437.38218655
2024-09-19 12:22:09,2437.50751565
2024-09-19 12:22:10,2437.43617104
2024-09-19 12:22:11,2437.52327236
2024-09-19 12:22:12,2437.54880002
2024-09-19 12:22:13,2437.40867415
2024-09-19 12:22:14,2437.2458573
2024-09-19 12:22:15,2437.2358573
2024-09-19 12:22:16,2436.75
2024-09-19 12:22:17,2436.67654412
2024-09-19 12:22:18,2436.6865115
2024-09-19 12:22:19,2436.595
2024-09-19 12:22:20,2436.55710516
2024-09-19 12:22:21,2436.50712921
2024-09-19 12:22:22,2436.27612175
2024-09-19 12:22:23,2436.1822644
2024-09-19 12:22:24,2436.60057166
2024-09-19 12:22:25,2436.66240371
2024-09-19 12:22:26,2436.59302355
2024-09-19 12:22:27,2436.46162417
2024-09-19 12:22:28,2436.74149875
2024-09-19 12:22:29,2436.81477737
2024-09-19 12:22:30,2437.34287493
2024-09-19 12:22:31,2437.39927085
2024-09-19 12:22:32,2437.47838171
2024-09-19 12:22:33,2437.4654558
2024-09-19 12:22:34,2437.46545561
2024-09-19 12:22:35,2437.46929749
2024-09-19 12:22:36,2437.5920025
2024-09-19 12:22:37,2438.18256373
2024-09-19 12:22:38,2438.58232264
2024-09-19 12:22:39,2438.66260971
2024-09-19 12:22:40,2438.8291665
2024-09-19 12:22:41,2438.85240896
2024-09-19 12:22:42,2438.88427363
2024-09-19 12:22:43,2438.88151641
2024-09-19 12:22:44,2438.84833458
2024-09-19 12:22:45,2438.90239903
2024-09-19 12:22:46,2438.90246458
2024-09-19 12:22:47,2438.84678253
2024-09-19 12:22:48,2438.49702653
2024-09-19 12:22:49,2438.46933391
2024-09-19 12:22:50,2438.37390426
2024-09-19 12:22:51,2438.17
2024-09-19 12:22:52,2438.03520376
2024-09-19 12:22:53,2437.93400012
2024-09-19 12:22:54,2437.85028899
2024-09-19 12:22:55,2437.81435876
2024-09-19 12:22:56,2437.72287782
2024-09-19 12:22:57,2437.72416015
2024-09-19 12:22:58,2437.7676883
2024-09-19 12:22:59,2437.73732917
2024-09-19 12:23:00,2437.82706973
2024-09-19 12:21:00,2442.50539708
2024-09-19 12:21:01,2442.36121371
2024-09-19 12:21:02,2442.15703301
2024-09-19 12:21:03,2442.15707713
2024-09-19 12:21:04,2442.0515815
2024-09-19 12:21:05,2441.67622245
2024-09-19 12:21:06,2441.67496045
2024-09-19 12:21:07,2441.57969143
2024-09-19 12:21:08,2441.56537517
2024-09-19 12:21:09,2441.54178136
2024-09-19 12:21:10,2441.36500001
2024-09-19 12:21:11,2440.7243737
2024-09-19 12:21:12,2440.61306937
2024-09-19 12:21:13,2440.693422
2024-09-19 12:21:14,2440.69750018
2024-09-19 12:21:15,2440.62854126
2024-09-19 12:21:16,2440.58988075
2024-09-19 12:21:17,2440.615
2024-09-19 12:21:18,2440.53998696
2024-09-19 12:21:19,2440.50209536
2024-09-19 12:21:20,2440.3425
2024-09-19 12:21:21,2440.2069559
2024-09-19 12:21:22,2440.27089871
2024-09-19 12:21:23,2440.16689006
2024-09-19 12:21:24,2440.17800739
2024-09-19 12:21:25,2440.30327623
2024-09-19 12:21:26,2440.12216006
2024-09-19 12:21:27,2439.69685589
2024-09-19 12:21:28,2439.45503858
2024-09-19 12:21:29,2439.305
2024-09-19 12:21:30,2439.13802821
2024-09-19 12:21:31,2439.10371304
2024-09-19 12:21:32,2439.06719784
2024-09-19 12:21:33,2438.87054384
2024-09-19 12:21:34,2438.83035291
2024-09-19 12:21:35,2438.74291561
2024-09-19 12:21:36,2437.68719693
2024-09-19 12:21:37,2437.53920351
2024-09-19 12:21:38,2436.60231391
2024-09-19 12:21:39,2436.40491759
2024-09-19 12:21:40,2436.585
2024-09-19 12:21:41,2436.88094108
2024-09-19 12:21:42,2436.86747637
2024-09-19 12:21:43,2436.88346425
2024-09-19 12:21:44,2436.7927386
2024-09-19 12:21:45,2436.8925
2024-09-19 12:21:46,2436.89398965
2024-09-19 12:21:47,2437.050591
2024-09-19 12:21:48,2437.43120242
2024-09-19 12:21:49,2437.67533994
2024-09-19 12:21:50,2437.69113563
2024-09-19 12:21:51,2437.92092661
2024-09-19 12:21:52,2437.63831819
2024-09-19 12:21:53,2437.52108958
2024-09-19 12:21:54,2437.54920544
2024-09-19 12:21:55,2437.53825953
2024-09-19 12:21:56,2437.41041763
2024-09-19 12:21:57,2437.47828648
2024-09-19 12:21:58,2437.49132991
2024-09-19 12:21:59,2437.39079085
2024-09-19 12:22:00,2437.355
2024-09-19 12:20:00,2445.91146078
2024-09-19 12:20:01,2445.88458573
2024-09-19 12:20:02,2445.87582884
2024-09-19 12:20:03,2445.84246196
2024-09-19 12:20:04,2445.74909149
2024-09-19 12:20:05,2445.74859066
2024-09-19 12:20:06,2445.69637603
2024-09-19 12:20:07,2445.66250002
2024-09-19 12:20:08,2445.80212156
2024-09-19 12:20:09,2445.87574303
2024-09-19 12:20:10,2445.9133603
2024-09-19 12:20:11,2445.90478249
2024-09-19 12:20:12,2445.7985984
2024-09-19 12:20:13,2445.6872817
2024-09-19 12:20:14,2445.71350287
2024-09-19 12:20:15,2445.73074983
2024-09-19 12:20:16,2445.78803715
2024-09-19 12:20:17,2445.73194903
2024-09-19 12:20:18,2445.73182508
2024-09-19 12:20:19,2445.75903234
2024-09-19 12:20:20,2445.22806312
2024-09-19 12:20:21,2444.885
2024-09-19 12:20:22,2444.81747417
2024-09-19 12:20:23,2444.69540115
2024-09-19 12:20:24,2444.75080333
2024-09-19 12:20:25,2444.845
2024-09-19 12:20:26,2444.76964574
2024-09-19 12:20:27,2444.68950816
2024-09-19 12:20:28,2444.43764046
2024-09-19 12:20:29,2444.1875
2024-09-19 12:20:30,2443.85435797
2024-09-19 12:20:31,2443.73476459
2024-09-19 12:20:32,2443.79715023
2024-09-19 12:20:33,2443.50012878
2024-09-19 12:20:34,2443.32749891
2024-09-19 12:20:35,2443.19453796
2024-09-19 12:20:36,2442.90128855
2024-09-19 12:20:37,2442.82724866
2024-09-19 12:20:38,2442.73860167
2024-09-19 12:20:39,2442.765
2024-09-19 12:20:40,2442.81843584
2024-09-19 12:20:41,2442.85803702
2024-09-19 12:20:42,2442.99250049
2024-09-19 12:20:43,2443.0316625
2024-09-19 12:20:44,2442.94929699
2024-09-19 12:20:45,2442.95185182
2024-09-19 12:20:46,2442.96254026
2024-09-19 12:20:47,2442.95766495
2024-09-19 12:20:48,2442.99500299
2024-09-19 12:20:49,2443.00336218
2024-09-19 12:20:50,2443.01468467
2024-09-19 12:20:51,2443.00511496
2024-09-19 12:20:52,2442.91843019
2024-09-19 12:20:53,2442.89632996
2024-09-19 12:20:54,2442.92958997
2024-09-19 12:20:55,2442.74707589
2024-09-19 12:20:56,2442.71012795
2024-09-19 12:20:57,2442.60980077
2024-09-19 12:20:58,2442.51611313
2024-09-19 12:20:59,2442.51492998
2024-09-19 12:21:00,2442.50539708
2024-09-19 12:19:00,2445.5825
2024-09-19 12:19:01,2445.57783767
2024-09-19 12:19:02,2445.62077156
2024-09-19 12:19:03,2445.62225926
2024-09-19 12:19:04,2445.51463318
2024-09-19 12:19:05,2445.50734519
2024-09-19 12:19:06,2445.61252695
2024-09-19 12:19:07,2445.67127217
2024-09-19 12:19:08,2445.68563608
2024-09-19 12:19:09,2445.87440181
2024-09-19 12:19:10,2445.97297622
2024-09-19 12:19:11,2445.96323386
2024-09-19 12:19:12,2445.70623767
2024-09-19 12:19:13,2445.6810646
2024-09-19 12:19:14,2445.53691213
2024-09-19 12:19:15,2445.45988136
2024-09-19 12:19:16,2445.54462395
2024-09-19 12:19:17,2445.50867659
2024-09-19 12:19:18,2445.29859042
2024-09-19 12:19:19,2445.30745912
2024-09-19 12:19:20,2445.2173503
2024-09-19 12:19:21,2445.14122124
2024-09-19 12:19:22,2445.11899225
2024-09-19 12:19:23,2445.08750955
2024-09-19 12:19:24,2445.19175572
2024-09-19 12:19:25,2445.21492002
2024-09-19 12:19:26,2445.22114623
2024-09-19 12:19:27,2445.18520488
2024-09-19 12:19:28,2445.07359526
2024-09-19 12:19:29,2445.10236472
2024-09-19 12:19:30,2445.12127838
2024-09-19 12:19:31,2445.06517557
2024-09-19 12:19:32,2445.10000066
2024-09-19 12:19:33,2445.06077483
2024-09-19 12:19:34,2445.10134759
2024-09-19 12:19:35,2445.11179302
2024-09-19 12:19:36,2445.12377259
2024-09-19 12:19:37,2445.25108933
2024-09-19 12:19:38,2445.18635118
2024-09-19 12:19:39,2445.28744283
2024-09-19 12:19:40,2445.45564404
2024-09-19 12:19:41,2445.54955596
2024-09-19 12:19:42,2445.52981529
2024-09-19 12:19:43,2445.56285029
2024-09-19 12:19:44,2445.58282382
2024-09-19 12:19:45,2445.63868318
2024-09-19 12:19:46,2445.84096336
2024-09-19 12:19:47,2445.8015947
2024-09-19 12:19:48,2445.78215522
2024-09-19 12:19:49,2445.79457757
2024-09-19 12:19:50,2445.84472958
2024-09-19 12:19:51,2445.82022406
2024-09-19 12:19:52,2445.89833637
2024-09-19 12:19:53,2445.84961883
2024-09-19 12:19:54,2445.87535853
2024-09-19 12:19:55,2445.90254639
2024-09-19 12:19:56,2445.8040946
2024-09-19 12:19:57,2445.84773543
2024-09-19 12:19:58,2445.92906139
2024-09-19 12:19:59,2445.92906889
2024-09-19 12:20:00,2445.91146078
2024-09-19 12:18:00,2444.6075005
2024-09-19 12:18:01,2444.70998376
2024-09-19 12:18:02,2444.82616202
2024-09-19 12:18:03,2444.89222118
2024-09-19 12:18:04,2445.20919312
2024-09-19 12:18:05,2445.3625005
2024-09-19 12:18:06,2445.34034428
2024-09-19 12:18:07,2445.30585523
2024-09-19 12:18:08,2445.25173792
2024-09-19 12:18:09,2445.10998611
2024-09-19 12:18:10,2445.21511849
2024-09-19 12:18:11,2445.3250471
2024-09-19 12:18:12,2445.32335652
2024-09-19 12:18:13,2445.34929414
2024-09-19 12:18:14,2445.34929414
2024-09-19 12:18:15,2445.52227531
2024-09-19 12:18:16,2445.62998661
2024-09-19 12:18:17,2445.51196318
2024-09-19 12:18:18,2445.71274347
2024-09-19 12:18:19,2445.74977652
2024-09-19 12:18:20,2445.71750049
2024-09-19 12:18:21,2445.74441928
2024-09-19 12:18:22,2445.69474378
2024-09-19 12:18:23,2445.43430607
2024-09-19 12:18:24,2445.22613601
2024-09-19 12:18:25,2445.06202592
2024-09-19 12:18:26,2445.36856821
2024-09-19 12:18:27,2445.49873252
2024-09-19 12:18:28,2445.63592371
2024-09-19 12:18:29,2445.62431313
2024-09-19 12:18:30,2445.52714583
2024-09-19 12:18:31,2445.58917487
2024-09-19 12:18:32,2445.5557005
2024-09-19 12:18:33,2445.43842263
2024-09-19 12:18:34,2445.50476413
2024-09-19 12:18:35,2445.55695196
2024-09-19 12:18:36,2445.66387624
2024-09-19 12:18:37,2445.63663493
2024-09-19 12:18:38,2445.60865617
2024-09-19 12:18:39,2445.65115647
2024-09-19 12:18:40,2445.63669668
2024-09-19 12:18:41,2445.5496521
2024-09-19 12:18:42,2445.54965517
2024-09-19 12:18:43,2445.46472415
2024-09-19 12:18:44,2445.49554901
2024-09-19 12:18:45,2445.51619673
2024-09-19 12:18:46,2445.58611758
2024-09-19 12:18:47,2445.59018481
2024-09-19 12:18:48,2445.58007552
2024-09-19 12:18:49,2445.77412374
2024-09-19 12:18:50,2445.78588945
2024-09-19 12:18:51,2445.83931727
2024-09-19 12:18:52,2445.8925
2024-09-19 12:18:53,2445.76022393
2024-09-19 12:18:54,2445.70758704
2024-09-19 12:18:55,2445.69249586
2024-09-19 12:18:56,2445.67497554
2024-09-19 12:18:57,2445.66349214
2024-09-19 12:18:58,2445.64494458
2024-09-19 12:18:59,2445.64768649
2024-09-19 12:19:00,2445.5825
2024-09-19 12:17:00,2445.59706274
2024-09-19 12:17:01,2445.60743074
2024-09-19 12:17:02,2445.525
2024-09-19 12:17:03,2445.3
2024-09-19 12:17:04,2445.28249999
2024-09-19 12:17:05,2445.295
2024-09-19 12:17:06,2445.45818763
2024-09-19 12:17:07,2445.58993854
2024-09-19 12:17:08,2445.48087445
2024-09-19 12:17:09,2445.40364883
2024-09-19 12:17:10,2445.53048233
2024-09-19 12:17:11,2445.56966256
2024-09-19 12:17:12,2445.59338123
2024-09-19 12:17:13,2445.59838123
2024-09-19 12:17:14,2445.58115296
2024-09-19 12:17:15,2445.46430385
2024-09-19 12:17:16,2444.52529649
2024-09-19 12:17:17,2444.57220455
2024-09-19 12:17:18,2444.2151971
2024-09-19 12:17:19,2444.055
2024-09-19 12:17:20,2443.8695417
2024-09-19 12:17:21,2443.83940935
2024-09-19 12:17:22,2443.73714737
2024-09-19 12:17:23,2443.7
2024-09-19 12:17:24,2443.75634079
2024-09-19 12:17:25,2443.73737934
2024-09-19 12:17:26,2443.71375841
2024-09-19 12:17:27,2443.64596632
2024-09-19 12:17:28,2443.64132659
2024-09-19 12:17:29,2443.64380095
2024-09-19 12:17:30,2443.57958267
2024-09-19 12:17:31,2443.59897008
2024-09-19 12:17:32,2443.655
2024-09-19 12:17:33,2443.71159986
2024-09-19 12:17:34,2443.99599976
2024-09-19 12:17:35,2444.04538131
2024-09-19 12:17:36,2444.03797521
2024-09-19 12:17:37,2444.06300841
2024-09-19 12:17:38,2444.04080523
2024-09-19 12:17:39,2444.375
2024-09-19 12:17:40,2444.44252183
2024-09-19 12:17:41,2444.4175511
2024-09-19 12:17:42,2444.25147486
2024-09-19 12:17:43,2444.10411928
2024-09-19 12:17:44,2444.11072579
2024-09-19 12:17:45,2444.095
2024-09-19 12:17:46,2444.09539782
2024-09-19 12:17:47,2444.105
2024-09-19 12:17:48,2444.095
2024-09-19 12:17:49,2444.10483216
2024-09-19 12:17:50,2444.13717524
2024-09-19 12:17:51,2444.12140002
2024-09-19 12:17:52,2444.13308056
2024-09-19 12:17:53,2444.12190631
2024-09-19 12:17:54,2444.13717524
2024-09-19 12:17:55,2444.10231926
2024-09-19 12:17:56,2444.14885468
2024-09-19 12:17:57,2444.585
2024-09-19 12:17:58,2444.67893025
2024-09-19 12:17:59,2444.63611259
2024-09-19 12:18:00,2444.6075005
2024-09-19 12:16:00,2444.92223242
2024-09-19 12:16:01,2444.99152168
2024-09-19 12:16:02,2445.22784214
2024-09-19 12:16:03,2445.58079102
2024-09-19 12:16:04,2445.55425018
2024-09-19 12:16:05,2445.3975025
2024-09-19 12:16:06,2445.55232092
2024-09-19 12:16:07,2445.70228168
2024-09-19 12:16:08,2445.79425181
2024-09-19 12:16:09,2445.94730389
2024-09-19 12:16:10,2446.03696117
2024-09-19 12:16:11,2445.95264906
2024-09-19 12:16:12,2445.9970005
2024-09-19 12:16:13,2446.07186051
2024-09-19 12:16:14,2446.10917012
2024-09-19 12:16:15,2446.16231511
2024-09-19 12:16:16,2446.092818
2024-09-19 12:16:17,2446.19891624
2024-09-19 12:16:18,2446.19856637
2024-09-19 12:16:19,2446.20596881
2024-09-19 12:16:20,2446.24150793
2024-09-19 12:16:21,2446.14109856
2024-09-19 12:16:22,2446.0595456
2024-09-19 12:16:23,2445.94730461
2024-09-19 12:16:24,2446.18682034
2024-09-19 12:16:25,2446.38262979
2024-09-19 12:16:26,2446.55242465
2024-09-19 12:16:27,2446.49324209
2024-09-19 12:16:28,2446.30030755
2024-09-19 12:16:29,2446.5597416
2024-09-19 12:16:30,2446.6025005
2024-09-19 12:16:31,2446.47129246
2024-09-19 12:16:32,2446.035
2024-09-19 12:16:33,2445.885
2024-09-19 12:16:34,2445.8516288
2024-09-19 12:16:35,2445.7874152
2024-09-19 12:16:36,2445.11790957
2024-09-19 12:16:37,2444.84676287
2024-09-19 12:16:38,2444.83128496
2024-09-19 12:16:39,2444.48740927
2024-09-19 12:16:40,2444.5301988
2024-09-19 12:16:41,2444.6
2024-09-19 12:16:42,2444.77415569
2024-09-19 12:16:43,2444.84306863
2024-09-19 12:16:44,2444.84663494
2024-09-19 12:16:45,2445.02791481
2024-09-19 12:16:46,2445.17713432
2024-09-19 12:16:47,2445.4947606
2024-09-19 12:16:48,2445.54816617
2024-09-19 12:16:49,2445.55299687
2024-09-19 12:16:50,2445.69728603
2024-09-19 12:16:51,2445.83137674
2024-09-19 12:16:52,2445.73226323
2024-09-19 12:16:53,2445.61577247
2024-09-19 12:16:54,2445.61785823
2024-09-19 12:16:55,2445.59285533
2024-09-19 12:16:56,2445.62461867
2024-09-19 12:16:57,2445.61633619
2024-09-19 12:16:58,2445.60625702
2024-09-19 12:16:59,2445.564053
2024-09-19 12:17:00,2445.59706274
2024-09-19 12:15:00,2441.3975025
2024-09-19 12:15:01,2441.5573949
2024-09-19 12:15:02,2441.50809213
2024-09-19 12:15:03,2441.35588578
2024-09-19 12:15:04,2441.3573609
2024-09-19 12:15:05,2441.26458869
2024-09-19 12:15:06,2441.33776468
2024-09-19 12:15:07,2441.35640175
2024-09-19 12:15:08,2441.49497981
2024-09-19 12:15:09,2441.54227846
2024-09-19 12:15:10,2441.87598148
2024-09-19 12:15:11,2441.99348373
2024-09-19 12:15:12,2442.00767133
2024-09-19 12:15:13,2441.9054088
2024-09-19 12:15:14,2441.84492656
2024-09-19 12:15:15,2441.82087373
2024-09-19 12:15:16,2441.79349868
2024-09-19 12:15:17,2441.79349869
2024-09-19 12:15:18,2441.78199269
2024-09-19 12:15:19,2441.78199269
2024-09-19 12:15:20,2441.68414782
2024-09-19 12:15:21,2441.68197501
2024-09-19 12:15:22,2441.64928696
2024-09-19 12:15:23,2441.31973559
2024-09-19 12:15:24,2441.29579899
2024-09-19 12:15:25,2441.425
2024-09-19 12:15:26,2441.7730916
2024-09-19 12:15:27,2442.35496719
2024-09-19 12:15:28,2442.445
2024-09-19 12:15:29,2442.58718389
2024-09-19 12:15:30,2442.91579666
2024-09-19 12:15:31,2443.41
2024-09-19 12:15:32,2443.58390274
2024-09-19 12:15:33,2443.69426762
2024-09-19 12:15:34,2443.43022989
2024-09-19 12:15:35,2443.05685822
2024-09-19 12:15:36,2443.04185772
2024-09-19 12:15:37,2443.07096898
2024-09-19 12:15:38,2443.05655338
2024-09-19 12:15:39,2442.98282467
2024-09-19 12:15:40,2442.87294466
2024-09-19 12:15:41,2443.46046907
2024-09-19 12:15:42,2443.71375754
2024-09-19 12:15:43,2443.95466002
2024-09-19 12:15:44,2444.040755
2024-09-19 12:15:45,2444.12816633
2024-09-19 12:15:46,2444.1005035
2024-09-19 12:15:47,2444.1105025
2024-09-19 12:15:48,2444.16100865
2024-09-19 12:15:49,2444.12903087
2024-09-19 12:15:50,2444.23671563
2024-09-19 12:15:51,2444.07343496
2024-09-19 12:15:52,2444.22623002
2024-09-19 12:15:53,2444.23676221
2024-09-19 12:15:54,2444.22397052
2024-09-19 12:15:55,2444.23675915
2024-09-19 12:15:56,2444.24161845
2024-09-19 12:15:57,2444.25452617
2024-09-19 12:15:58,2444.65253026
2024-09-19 12:15:59,2445.10461686
2024-09-19 12:16:00,2444.92223242
2024-09-19 12:14:00,2441.9024291
2024-09-19 12:14:01,2441.91464125
2024-09-19 12:14:02,2441.75059537
2024-09-19 12:14:03,2441.645
2024-09-19 12:14:04,2441.625
2024-09-19 12:14:05,2441.6
2024-09-19 12:14:06,2441.455
2024-09-19 12:14:07,2441.21029651
2024-09-19 12:14:08,2441.03694867
2024-09-19 12:14:09,2440.90134774
2024-09-19 12:14:10,2440.8972415
2024-09-19 12:14:11,2440.90184588
2024-09-19 12:14:12,2440.94625288
2024-09-19 12:14:13,2440.96860043
2024-09-19 12:14:14,2440.92446716
2024-09-19 12:14:15,2440.89751992
2024-09-19 12:14:16,2440.83255638
2024-09-19 12:14:17,2440.89499234
2024-09-19 12:14:18,2440.85282546
2024-09-19 12:14:19,2440.85602334
2024-09-19 12:14:20,2440.84130167
2024-09-19 12:14:21,2440.84128406
2024-09-19 12:14:22,2440.86524003
2024-09-19 12:14:23,2440.90796879
2024-09-19 12:14:24,2440.9825005
2024-09-19 12:14:25,2441.28697011
2024-09-19 12:14:26,2441.32527149
2024-09-19 12:14:27,2441.0490398
2024-09-19 12:14:28,2440.9507513
2024-09-19 12:14:29,2440.97884074
2024-09-19 12:14:30,2441.00743143
2024-09-19 12:14:31,2441.09732143
2024-09-19 12:14:32,2440.96276773
2024-09-19 12:14:33,2440.94598104
2024-09-19 12:14:34,2440.86672892
2024-09-19 12:14:35,2440.85733175
2024-09-19 12:14:36,2440.86662357
2024-09-19 12:14:37,2441.02637266
2024-09-19 12:14:38,2441.2075025
2024-09-19 12:14:39,2441.79251568
2024-09-19 12:14:40,2442.03592223
2024-09-19 12:14:41,2442.05254762
2024-09-19 12:14:42,2441.86583094
2024-09-19 12:14:43,2441.95442288
2024-09-19 12:14:44,2441.88149949
2024-09-19 12:14:45,2441.85214757
2024-09-19 12:14:46,2441.90067721
2024-09-19 12:14:47,2441.77941491
2024-09-19 12:14:48,2441.80920656
2024-09-19 12:14:49,2441.7687285
2024-09-19 12:14:50,2441.60324872
2024-09-19 12:14:51,2441.63129394
2024-09-19 12:14:52,2441.63005339
2024-09-19 12:14:53,2441.64892297
2024-09-19 12:14:54,2441.68381923
2024-09-19 12:14:55,2441.62691777
2024-09-19 12:14:56,2441.62682034
2024-09-19 12:14:57,2441.56832686
2024-09-19 12:14:58,2441.49210532
2024-09-19 12:14:59,2441.36276083
2024-09-19 12:15:00,2441.3975025
2024-09-19 12:13:00,2442.83163147
2024-09-19 12:13:01,2442.9864016
2024-09-19 12:13:02,2442.99796763
2024-09-19 12:13:03,2443.00960611
2024-09-19 12:13:04,2442.99796763
2024-09-19 12:13:05,2443.3225
2024-09-19 12:13:06,2443.44484519
2024-09-19 12:13:07,2443.42248902
2024-09-19 12:13:08,2443.45049219
2024-09-19 12:13:09,2443.43306621
2024-09-19 12:13:10,2443.43342324
2024-09-19 12:13:11,2443.30062934
2024-09-19 12:13:12,2443.0329283
2024-09-19 12:13:13,2442.71434099
2024-09-19 12:13:14,2442.82743798
2024-09-19 12:13:15,2443.23521034
2024-09-19 12:13:16,2443.395
2024-09-19 12:13:17,2443.39692366
2024-09-19 12:13:18,2443.57381493
2024-09-19 12:13:19,2443.1923803
2024-09-19 12:13:20,2443.14619035
2024-09-19 12:13:21,2443.13698364
2024-09-19 12:13:22,2443.1797563
2024-09-19 12:13:23,2443.18687635
2024-09-19 12:13:24,2443.20762167
2024-09-19 12:13:25,2443.11792747
2024-09-19 12:13:26,2443.00930105
2024-09-19 12:13:27,2442.76070684
2024-09-19 12:13:28,2442.775003
2024-09-19 12:13:29,2442.68091027
2024-09-19 12:13:30,2442.90876008
2024-09-19 12:13:31,2442.96872568
2024-09-19 12:13:32,2442.88992028
2024-09-19 12:13:33,2442.89227996
2024-09-19 12:13:34,2442.83796015
2024-09-19 12:13:35,2442.69798407
2024-09-19 12:13:36,2442.77650939
2024-09-19 12:13:37,2442.82124984
2024-09-19 12:13:38,2442.79998381
2024-09-19 12:13:39,2442.76904684
2024-09-19 12:13:40,2442.77102054
2024-09-19 12:13:41,2443.07432913
2024-09-19 12:13:42,2442.9599947
2024-09-19 12:13:43,2442.81
2024-09-19 12:13:44,2442.82000002
2024-09-19 12:13:45,2442.8331341
2024-09-19 12:13:46,2442.71447451
2024-09-19 12:13:47,2442.64269496
2024-09-19 12:13:48,2442.54881493
2024-09-19 12:13:49,2442.50407807
2024-09-19 12:13:50,2442.37531585
2024-09-19 12:13:51,2442.19999999
2024-09-19 12:13:52,2441.97480487
2024-09-19 12:13:53,2441.94952121
2024-09-19 12:13:54,2441.92535412
2024-09-19 12:13:55,2441.905
2024-09-19 12:13:56,2441.91022868
2024-09-19 12:13:57,2441.86368004
2024-09-19 12:13:58,2441.77370616
2024-09-19 12:13:59,2441.83418096
2024-09-19 12:14:00,2441.9024291
2024-09-19 12:12:00,2442.26201251
2024-09-19 12:12:01,2442.17605807
2024-09-19 12:12:02,2442.13445751
2024-09-19 12:12:03,2442.15873964
2024-09-19 12:12:04,2442.63
2024-09-19 12:12:05,2443.04499999
2024-09-19 12:12:06,2443.5927077
2024-09-19 12:12:07,2444.05960149
2024-09-19 12:12:08,2444.3187505
2024-09-19 12:12:09,2444.31750051
2024-09-19 12:12:10,2444.1286739
2024-09-19 12:12:11,2444.16363737
2024-09-19 12:12:12,2444.34085246
2024-09-19 12:12:13,2444.39359949
2024-09-19 12:12:14,2444.64573671
2024-09-19 12:12:15,2444.82716767
2024-09-19 12:12:16,2444.9475025
2024-09-19 12:12:17,2445.02380559
2024-09-19 12:12:18,2444.99750249
2024-09-19 12:12:19,2445.23671415
2024-09-19 12:12:20,2445.25937184
2024-09-19 12:12:21,2445.20180563
2024-09-19 12:12:22,2444.76470427
2024-09-19 12:12:23,2444.29691864
2024-09-19 12:12:24,2444.10485006
2024-09-19 12:12:25,2443.86297204
2024-09-19 12:12:26,2443.89130153
2024-09-19 12:12:27,2443.805
2024-09-19 12:12:28,2443.805
2024-09-19 12:12:29,2444.24062824
2024-09-19 12:12:30,2444.16108681
2024-09-19 12:12:31,2444.11385667
2024-09-19 12:12:32,2444.1344571
2024-09-19 12:12:33,2444.01985464
2024-09-19 12:12:34,2443.98490079
2024-09-19 12:12:35,2443.42441045
2024-09-19 12:12:36,2443.21762295
2024-09-19 12:12:37,2443.195
2024-09-19 12:12:38,2443.22263851
2024-09-19 12:12:39,2443.24961627
2024-09-19 12:12:40,2442.96751517
2024-09-19 12:12:41,2442.63462575
2024-09-19 12:12:42,2442.48449192
2024-09-19 12:12:43,2442.49616238
2024-09-19 12:12:44,2442.49616238
2024-09-19 12:12:45,2442.69707303
2024-09-19 12:12:46,2442.69568614
2024-09-19 12:12:47,2442.64826247
2024-09-19 12:12:48,2442.75140189
2024-09-19 12:12:49,2442.86588571
2024-09-19 12:12:50,2442.91207575
2024-09-19 12:12:51,2442.94921508
2024-09-19 12:12:52,2442.84197865
2024-09-19 12:12:53,2442.58484852
2024-09-19 12:12:54,2442.55456016
2024-09-19 12:12:55,2442.505
2024-09-19 12:12:56,2442.41133963
2024-09-19 12:12:57,2442.505
2024-09-19 12:12:58,2442.51727002
2024-09-19 12:12:59,2442.61343386
2024-09-19 12:13:00,2442.83163147
2024-09-19 12:11:00,2448.72027807
2024-09-19 12:11:01,2448.70662476
2024-09-19 12:11:02,2448.14709914
2024-09-19 12:11:03,2447.96791075
2024-09-19 12:11:04,2447.57636604
2024-09-19 12:11:05,2447.41337306
2024-09-19 12:11:06,2447.05531335
2024-09-19 12:11:07,2446.92867759
2024-09-19 12:11:08,2446.9207294
2024-09-19 12:11:09,2446.60059141
2024-09-19 12:11:10,2446.55256838
2024-09-19 12:11:11,2446.63140097
2024-09-19 12:11:12,2446.22242648
2024-09-19 12:11:13,2446.20273416
2024-09-19 12:11:14,2446.2028065
2024-09-19 12:11:15,2446.12851481
2024-09-19 12:11:16,2446.09860826
2024-09-19 12:11:17,2445.8850104
2024-09-19 12:11:18,2445.61038183
2024-09-19 12:11:19,2445.43598087
2024-09-19 12:11:20,2445.205
2024-09-19 12:11:22,2444.75156867
2024-09-19 12:11:23,2444.88806857
2024-09-19 12:11:24,2444.82337364
2024-09-19 12:11:25,2444.8565706
2024-09-19 12:11:26,2444.88934558
2024-09-19 12:11:27,2444.89109915
2024-09-19 12:11:28,2444.86101363
2024-09-19 12:11:29,2444.87322593
2024-09-19 12:11:30,2444.86555701
2024-09-19 12:11:31,2444.88373693
2024-09-19 12:11:32,2444.8663764
2024-09-19 12:11:33,2444.92032237
2024-09-19 12:11:34,2444.99038923
2024-09-19 12:11:35,2445.047692
2024-09-19 12:11:36,2445.03064809
2024-09-19 12:11:37,2444.89722885
2024-09-19 12:11:38,2444.82925208
2024-09-19 12:11:39,2444.76318533
2024-09-19 12:11:40,2444.75221884
2024-09-19 12:11:41,2444.58621404
2024-09-19 12:11:42,2444.59796411
2024-09-19 12:11:43,2444.47826877
2024-09-19 12:11:44,2444.49524764
2024-09-19 12:11:45,2444.56788611
2024-09-19 12:11:46,2444.37751288
2024-09-19 12:11:47,2444.37751288
2024-09-19 12:11:48,2444.43999414
2024-09-19 12:11:49,2444.37549335
2024-09-19 12:11:50,2444.23771715
2024-09-19 12:11:51,2444.0075005
2024-09-19 12:11:52,2443.7966918
2024-09-19 12:11:53,2443.04526994
2024-09-19 12:11:54,2442.88946438
2024-09-19 12:11:55,2442.59257825
2024-09-19 12:11:56,2442.50790746
2024-09-19 12:11:57,2442.39204945
2024-09-19 12:11:58,2442.23110769
2024-09-19 12:11:59,2442.25833116
2024-09-19 12:12:00,2442.26201251
2024-09-19 12:10:00,2445.06576862
2024-09-19 12:10:01,2445.05807764
2024-09-19 12:10:02,2445.12224529
2024-09-19 12:10:03,2445.55274311
2024-09-19 12:10:04,2445.68800387
2024-09-19 12:10:05,2445.8952903
2024-09-19 12:10:06,2445.68816505
2024-09-19 12:10:07,2445.35833405
2024-09-19 12:10:08,2445.4957118
2024-09-19 12:10:09,2445.52992058
2024-09-19 12:10:10,2445.59806519
2024-09-19 12:10:11,2445.36725104
2024-09-19 12:10:12,2445.45726816
2024-09-19 12:10:13,2445.96648852
2024-09-19 12:10:14,2446.30226754
2024-09-19 12:10:15,2446.29819931
2024-09-19 12:10:16,2446.11254108
2024-09-19 12:10:17,2446.12323491
2024-09-19 12:10:18,2445.96570792
2024-09-19 12:10:19,2445.8925025
2024-09-19 12:10:20,2445.77894631
2024-09-19 12:10:21,2445.595
2024-09-19 12:10:22,2445.55478223
2024-09-19 12:10:23,2446.16384493
2024-09-19 12:10:24,2446.87729291
2024-09-19 12:10:25,2447.695
2024-09-19 12:10:26,2447.93011099
2024-09-19 12:10:27,2448.00198421
2024-09-19 12:10:28,2447.99020424
2024-09-19 12:10:29,2447.96472047
2024-09-19 12:10:30,2447.861171
2024-09-19 12:10:31,2448.01462305
2024-09-19 12:10:32,2448.21090381
2024-09-19 12:10:33,2448.56749999
2024-09-19 12:10:34,2448.60695683
2024-09-19 12:10:35,2448.41472891
2024-09-19 12:10:36,2448.33109062
2024-09-19 12:10:37,2448.22612303
2024-09-19 12:10:38,2447.90499992
2024-09-19 12:10:39,2447.7545
2024-09-19 12:10:40,2447.9475005
2024-09-19 12:10:41,2448.03074076
2024-09-19 12:10:42,2448.03801623
2024-09-19 12:10:43,2448.57007797
2024-09-19 12:10:44,2448.3941911
2024-09-19 12:10:45,2448.33626056
2024-09-19 12:10:46,2448.37020629
2024-09-19 12:10:47,2448.30253249
2024-09-19 12:10:48,2448.40503173
2024-09-19 12:10:49,2448.43977002
2024-09-19 12:10:50,2448.40806646
2024-09-19 12:10:51,2448.25854471
2024-09-19 12:10:52,2448.36283037
2024-09-19 12:10:53,2448.38338037
2024-09-19 12:10:54,2448.42038216
2024-09-19 12:10:55,2448.42038416
2024-09-19 12:10:56,2448.38088792
2024-09-19 12:10:57,2448.40053322
2024-09-19 12:10:58,2448.481194
2024-09-19 12:10:59,2448.70564092
2024-09-19 12:11:00,2448.72027807
2024-09-19 12:09:00,2451.08288343
2024-09-19 12:09:01,2451.04488985
2024-09-19 12:09:02,2450.96300093
2024-09-19 12:09:03,2449.40124491
2024-09-19 12:09:04,2449.37988765
2024-09-19 12:09:05,2449.37217411
2024-09-19 12:09:06,2449.40519369
2024-09-19 12:09:07,2449.54842704
2024-09-19 12:09:08,2449.54255005
2024-09-19 12:09:09,2449.573035
2024-09-19 12:09:10,2449.35621538
2024-09-19 12:09:11,2449.2223782
2024-09-19 12:09:12,2449.25595772
2024-09-19 12:09:13,2449.25044901
2024-09-19 12:09:14,2449.67777129
2024-09-19 12:09:15,2449.505
2024-09-19 12:09:16,2449.17435951
2024-09-19 12:09:17,2448.89974332
2024-09-19 12:09:18,2448.82287346
2024-09-19 12:09:19,2448.82287346
2024-09-19 12:09:20,2448.35135833
2024-09-19 12:09:21,2447.75294265
2024-09-19 12:09:22,2447.635
2024-09-19 12:09:23,2447.00470005
2024-09-19 12:09:24,2446.74205027
2024-09-19 12:09:25,2446.87751436
2024-09-19 12:09:26,2447.15484086
2024-09-19 12:09:27,2447.35992739
2024-09-19 12:09:28,2447.40749792
2024-09-19 12:09:29,2447.24875381
2024-09-19 12:09:30,2447.11353763
2024-09-19 12:09:31,2446.78779321
2024-09-19 12:09:32,2446.72142695
2024-09-19 12:09:33,2446.49749964
2024-09-19 12:09:34,2446.40939155
2024-09-19 12:09:35,2446.28663233
2024-09-19 12:09:36,2446.34609986
2024-09-19 12:09:37,2446.05326066
2024-09-19 12:09:38,2445.90115998
2024-09-19 12:09:39,2445.36505554
2024-09-19 12:09:40,2445.4825
2024-09-19 12:09:41,2445.41197803
2024-09-19 12:09:42,2445.48864951
2024-09-19 12:09:43,2445.57135426
2024-09-19 12:09:44,2446.06484186
2024-09-19 12:09:45,2446.07870561
2024-09-19 12:09:46,2446.08862842
2024-09-19 12:09:47,2446.07885951
2024-09-19 12:09:48,2446.0947099
2024-09-19 12:09:49,2445.720409
2024-09-19 12:09:50,2445.5366809
2024-09-19 12:09:51,2445.42704016
2024-09-19 12:09:52,2445.10990731
2024-09-19 12:09:53,2444.93384196
2024-09-19 12:09:54,2444.87745234
2024-09-19 12:09:55,2445.18500414
2024-09-19 12:09:56,2445.14212533
2024-09-19 12:09:57,2444.96956478
2024-09-19 12:09:58,2445.01469845
2024-09-19 12:09:59,2445.05059584
2024-09-19 12:10:00,2445.06576862
2024-09-19 12:08:00,2449.89845676
2024-09-19 12:08:01,2449.68877353
2024-09-19 12:08:02,2448.71250091
2024-09-19 12:08:03,2448.61498641
2024-09-19 12:08:04,2447.77743327
2024-09-19 12:08:05,2447.8663145
2024-09-19 12:08:06,2447.92001994
2024-09-19 12:08:07,2447.92480117
2024-09-19 12:08:08,2447.92724873
2024-09-19 12:08:09,2448.26411151
2024-09-19 12:08:10,2448.39526535
2024-09-19 12:08:11,2448.20740729
2024-09-19 12:08:12,2448.60741541
2024-09-19 12:08:13,2449.26413664
2024-09-19 12:08:14,2449.46587706
2024-09-19 12:08:15,2449.38250697
2024-09-19 12:08:16,2449.35084451
2024-09-19 12:08:17,2448.92
2024-09-19 12:08:18,2448.92
2024-09-19 12:08:19,2448.88854841
2024-09-19 12:08:20,2449.02211199
2024-09-19 12:08:21,2448.99873253
2024-09-19 12:08:22,2449.01592977
2024-09-19 12:08:23,2449.02380834
2024-09-19 12:08:24,2449.075
2024-09-19 12:08:25,2449.10113586
2024-09-19 12:08:26,2449.41971045
2024-09-19 12:08:27,2449.475
2024-09-19 12:08:28,2450.53150634
2024-09-19 12:08:29,2450.90531668
2024-09-19 12:08:30,2450.77631929
2024-09-19 12:08:31,2450.39895275
2024-09-19 12:08:32,2450.36888225
2024-09-19 12:08:33,2448.94194019
2024-09-19 12:08:34,2449.20797138
2024-09-19 12:08:35,2449.32104505
2024-09-19 12:08:36,2449.83108599
2024-09-19 12:08:37,2449.54454129
2024-09-19 12:08:38,2449.37773154
2024-09-19 12:08:39,2449.205
2024-09-19 12:08:40,2449.05986654
2024-09-19 12:08:41,2448.80889626
2024-09-19 12:08:42,2448.89970284
2024-09-19 12:08:43,2448.96562976
2024-09-19 12:08:44,2448.94451491
2024-09-19 12:08:45,2449.04526533
2024-09-19 12:08:46,2449.02625615
2024-09-19 12:08:47,2449.01400179
2024-09-19 12:08:48,2449.91819208
2024-09-19 12:08:49,2449.91819208
2024-09-19 12:08:50,2450.1775
2024-09-19 12:08:51,2450.1248729
2024-09-19 12:08:52,2450.18094663
2024-09-19 12:08:53,2450.19189729
2024-09-19 12:08:54,2450.17322528
2024-09-19 12:08:55,2450.40105119
2024-09-19 12:08:56,2450.50602344
2024-09-19 12:08:57,2450.6722446
2024-09-19 12:08:58,2450.98433394
2024-09-19 12:08:59,2451.0905
2024-09-19 12:09:00,2451.08288343
2024-09-19 12:07:00,2448.21515672
2024-09-19 12:07:01,2448.39
2024-09-19 12:07:02,2449.13069337
2024-09-19 12:07:03,2449.41808194
2024-09-19 12:07:04,2449.50670437
2024-09-19 12:07:05,2450.03877857
2024-09-19 12:07:06,2450.98700249
2024-09-19 12:07:07,2450.58117692
2024-09-19 12:07:08,2449.4075
2024-09-19 12:07:09,2449.06516742
2024-09-19 12:07:10,2448.55748973
2024-09-19 12:07:11,2449.23664688
2024-09-19 12:07:12,2449.5699902
2024-09-19 12:07:13,2449.16112854
2024-09-19 12:07:14,2448.87761373
2024-09-19 12:07:15,2448.7975025
2024-09-19 12:07:16,2449.19959674
2024-09-19 12:07:17,2449.24372062
2024-09-19 12:07:18,2449.13007921
2024-09-19 12:07:19,2449.1672551
2024-09-19 12:07:20,2449.42426927
2024-09-19 12:07:21,2449.45245765
2024-09-19 12:07:22,2450.435
2024-09-19 12:07:23,2450.535
2024-09-19 12:07:24,2450.9670478
2024-09-19 12:07:25,2450.98199794
2024-09-19 12:07:26,2451.35101269
2024-09-19 12:07:27,2451.4461605
2024-09-19 12:07:28,2452.06743288
2024-09-19 12:07:29,2452.50192112
2024-09-19 12:07:30,2452.55734846
2024-09-19 12:07:31,2452.715
2024-09-19 12:07:32,2452.40312171
2024-09-19 12:07:33,2452.3425
2024-09-19 12:07:34,2451.6095
2024-09-19 12:07:35,2451.60514485
2024-09-19 12:07:36,2450.475
2024-09-19 12:07:37,2450.78488369
2024-09-19 12:07:38,2450.895
2024-09-19 12:07:39,2450.9058978
2024-09-19 12:07:40,2450.64380952
2024-09-19 12:07:41,2450.59284121
2024-09-19 12:07:42,2450.58
2024-09-19 12:07:43,2449.88668841
2024-09-19 12:07:44,2449.94013956
2024-09-19 12:07:45,2449.695
2024-09-19 12:07:46,2448.81580639
2024-09-19 12:07:47,2448.72381119
2024-09-19 12:07:48,2448.655
2024-09-19 12:07:49,2448.64499981
2024-09-19 12:07:50,2448.52932059
2024-09-19 12:07:51,2448.24132118
2024-09-19 12:07:52,2448.06342785
2024-09-19 12:07:53,2448.06645665
2024-09-19 12:07:54,2449.01497252
2024-09-19 12:07:55,2449.59302864
2024-09-19 12:07:56,2449.84245728
2024-09-19 12:07:57,2450.12607481
2024-09-19 12:07:58,2449.99742743
2024-09-19 12:07:59,2449.96825286
2024-09-19 12:08:00,2449.89845676